# jxl_sectioned_rct_fold_2026-08-30.tsv  host=mac (aarch64 laptop, 12 cores)  prefold@commit=f49663be..ae8c95b8  fold@the commit landing this file
# cmd: [MEM_PROBE_CROP=<crop>] mem_probe <png> lossless <e> 0 8 <channels> <t> <tree>  (release; peak_live from the counting global allocator, input included)
# photo = imazen-26 1403 4000x3000 sdr PNG (top-left crops); imac = gb82-sc imac_dark 2940x1912; reddit = qoi screenshot_web/reddit.com 1313x8008
content	crop	channels	tree	effort	threads	phase	bytes	peak_live_kb
photo	64x64	rgb	sectioned	7	1	prefold	5645	6010
photo	64x64	rgb	sectioned	7	1	fold	5645	6008
photo	64x64	rgb	sectioned	9	1	prefold	5529	25868
photo	64x64	rgb	sectioned	9	1	fold	5529	25865
photo	1024x1024	rgb	sectioned	7	1	prefold	1390726	52261
photo	1024x1024	rgb	sectioned	7	1	fold	1390726	39973
photo	1024x1024	rgb	sectioned	9	1	prefold	1380018	73994
photo	1024x1024	rgb	sectioned	9	1	fold	1380018	73994
photo	2048x2048	rgb	sectioned	7	1	prefold	5504136	208957
photo	2048x2048	rgb	sectioned	7	1	fold	5504136	159805
photo	2048x2048	rgb	sectioned	9	1	prefold	5470688	208957
photo	2048x2048	rgb	sectioned	9	1	fold	5470688	159805
photo	3840x2160	rgb	sectioned	7	1	prefold	10891264	413203
photo	3840x2160	rgb	sectioned	7	1	fold	10891264	316003
photo	full	rgb	sectioned	7	1	prefold	14029781	597763
photo	full	rgb	sectioned	7	1	fold	14029781	457138
photo	full	rgb	sectioned	9	1	prefold	13910206	597763
photo	full	rgb	sectioned	9	1	fold	13910206	457138
photo	full	rgb	sectioned	7	4	prefold	14029781	597879
photo	full	rgb	sectioned	7	4	fold	14029781	597879
photo	full	rgb	sectioned	7	12	prefold	14029781	597937
photo	full	rgb	sectioned	7	12	fold	14029781	597937
photo	full	rgb	sectioned	9	12	prefold	13910206	597937
photo	full	rgb	sectioned	9	12	fold	13910206	597937
photo	1024x1024	rgba	sectioned	7	1	prefold	1816185	69670
photo	1024x1024	rgba	sectioned	7	1	fold	1816185	53286
photo	1024x1024	rgba	sectioned	9	1	prefold	1771978	101554
photo	1024x1024	rgba	sectioned	9	1	fold	1771978	100734
photo	3840x2160	rgba	sectioned	7	1	prefold	12851468	570687
photo	3840x2160	rgba	sectioned	7	1	fold	12851468	421304
photo	3840x2160	rgba	sectioned	9	1	prefold	11982758	570687
photo	3840x2160	rgba	sectioned	9	1	fold	11982758	421304
imac	full	rgb	sectioned	7	1	prefold	431853	280985
imac	full	rgb	sectioned	7	1	fold	431853	228308
imac	full	rgb	sectioned	9	1	prefold	416750	280985
imac	full	rgb	sectioned	9	1	fold	416750	228308
imac	full	rgb	sectioned	7	4	prefold	431853	281076
imac	full	rgb	sectioned	7	4	fold	431853	281075
reddit	full	rgb	sectioned	7	1	prefold	1497875	523716
reddit	full	rgb	sectioned	7	1	fold	1497875	422495
reddit	full	rgb	sectioned	9	1	prefold	1426519	523716
reddit	full	rgb	sectioned	9	1	fold	1426519	422495
reddit	full	rgb	sectioned	9	12	prefold	1426519	523826
reddit	full	rgb	sectioned	9	12	fold	1426519	523826
reddit	1313x4096	rgba	sectioned	7	8	prefold	1478550	357262
reddit	1313x4096	rgba	sectioned	7	8	fold	1478550	357262
imac	full	rgb	global	5	1	prefold	501197	382546
imac	full	rgb	global	5	1	fold	501197	382546
imac	full	rgb	global	6	1	prefold	430472	353001
imac	full	rgb	global	6	1	fold	430472	353001
imac	full	rgb	global	7	1	prefold	430990	484850
imac	full	rgb	global	7	1	fold	430990	484850
imac	full	rgb	global	8	1	prefold	422904	492569
imac	full	rgb	global	8	1	fold	422904	492569
reddit	full	rgb	global	5	1	prefold	1934728	715316
reddit	full	rgb	global	5	1	fold	1934728	715316
reddit	full	rgb	global	6	1	prefold	1627279	723394
reddit	full	rgb	global	6	1	fold	1627279	723394
