image,dataset,distance,mode,size,butteraugli,ssim2
02809272b4ca,clic,1.0,e7,322652,1.2628127337,86.52375390
02809272b4ca,clic,1.0,e8-bfly,308172,1.1963021755,86.35505788
02809272b4ca,clic,1.0,e7-zen4,321416,1.2358260155,87.08083919
02809272b4ca,clic,1.0,e8-zen4,306066,1.3710695505,86.55715819
02809272b4ca,clic,2.0,e7,209702,2.2320332527,79.08247935
02809272b4ca,clic,2.0,e8-bfly,195897,2.2389116287,77.58528856
02809272b4ca,clic,2.0,e7-zen4,209472,2.1851177216,79.56058577
02809272b4ca,clic,2.0,e8-zen4,194723,2.2112190723,78.35867842
02809272b4ca,clic,3.0,e7,160142,3.2279977798,72.51721947
02809272b4ca,clic,3.0,e8-bfly,147843,3.1893448830,70.77533920
02809272b4ca,clic,3.0,e7-zen4,160217,3.3056359291,73.24683050
02809272b4ca,clic,3.0,e8-zen4,146829,3.3231923580,71.33848187
0369d229ba4c,clic,1.0,e7,137345,1.5990360975,85.15274511
0369d229ba4c,clic,1.0,e8-bfly,140835,1.2356085777,85.88452553
0369d229ba4c,clic,1.0,e7-zen4,143245,1.4348622561,86.17640065
0369d229ba4c,clic,1.0,e8-zen4,140252,1.4232186079,86.19501378
0369d229ba4c,clic,2.0,e7,72484,3.6043419838,75.11542937
0369d229ba4c,clic,2.0,e8-bfly,70863,2.6926741600,76.03614679
0369d229ba4c,clic,2.0,e7-zen4,77771,3.4091086388,76.77046526
0369d229ba4c,clic,2.0,e8-zen4,72190,2.6629035473,76.75669145
0369d229ba4c,clic,3.0,e7,47304,4.7729926109,66.35973022
0369d229ba4c,clic,3.0,e8-bfly,45432,3.9158318043,66.85989481
0369d229ba4c,clic,3.0,e7-zen4,50586,4.0634851456,68.95099846
0369d229ba4c,clic,3.0,e8-zen4,46065,3.4405970573,67.55281161
07b9f93f170a,clic,1.0,e7,204638,1.4210265875,80.69125973
07b9f93f170a,clic,1.0,e8-bfly,210974,1.3320586681,81.20199960
07b9f93f170a,clic,1.0,e7-zen4,218455,1.4747147560,81.74367428
07b9f93f170a,clic,1.0,e8-zen4,202492,1.4413899183,80.30428487
07b9f93f170a,clic,2.0,e7,122110,2.5888400078,69.43323180
07b9f93f170a,clic,2.0,e8-bfly,126176,2.3864605427,70.94800572
07b9f93f170a,clic,2.0,e7-zen4,131785,2.7293398380,72.43653866
07b9f93f170a,clic,2.0,e8-zen4,119962,2.6143937111,70.58071866
07b9f93f170a,clic,3.0,e7,86224,3.6209216118,59.74928351
07b9f93f170a,clic,3.0,e8-bfly,86898,3.4829504490,61.40851606
07b9f93f170a,clic,3.0,e7-zen4,94854,3.4210922718,63.53739418
07b9f93f170a,clic,3.0,e8-zen4,85034,3.8605780602,61.58038422
097cb426910b,clic,1.0,e7,73745,1.6298388243,84.94525442
097cb426910b,clic,1.0,e8-bfly,77467,1.2971770763,85.98841722
097cb426910b,clic,1.0,e7-zen4,82204,1.5684443712,86.25219030
097cb426910b,clic,1.0,e8-zen4,80432,1.3027293682,86.40634021
097cb426910b,clic,2.0,e7,38581,2.5263791084,74.83120631
097cb426910b,clic,2.0,e8-bfly,36775,2.5359246731,74.32617047
097cb426910b,clic,2.0,e7-zen4,42709,2.6932554245,76.78978736
097cb426910b,clic,2.0,e8-zen4,40089,2.3078839779,76.73845821
097cb426910b,clic,3.0,e7,25539,3.1317489147,67.08502850
097cb426910b,clic,3.0,e8-bfly,24104,3.2340221405,66.39845601
097cb426910b,clic,3.0,e7-zen4,30172,3.0615551472,70.39655914
097cb426910b,clic,3.0,e8-zen4,26902,3.0772790909,68.59412623
0c49a5cce349,clic,1.0,e7,188133,1.3537198305,86.52298192
0c49a5cce349,clic,1.0,e8-bfly,183728,1.2977862358,86.78949203
0c49a5cce349,clic,1.0,e7-zen4,186985,1.6272222996,86.78030041
0c49a5cce349,clic,1.0,e8-zen4,175554,1.5593402386,86.30812117
0c49a5cce349,clic,2.0,e7,118412,2.4123883247,79.32054416
0c49a5cce349,clic,2.0,e8-bfly,110054,2.1965789795,78.77472845
0c49a5cce349,clic,2.0,e7-zen4,117139,2.2951610088,80.31031161
0c49a5cce349,clic,2.0,e8-zen4,106210,2.4138269424,79.01309682
0c49a5cce349,clic,3.0,e7,87488,2.9573206902,73.58201779
0c49a5cce349,clic,3.0,e8-bfly,80343,3.1942930222,72.35730252
0c49a5cce349,clic,3.0,e7-zen4,87226,3.0682122707,74.20931939
0c49a5cce349,clic,3.0,e8-zen4,78423,3.5173017979,72.74854984
0d154749c777,clic,1.0,e7,273774,1.4613846540,84.71000503
0d154749c777,clic,1.0,e8-bfly,274542,1.3489810228,84.91706151
0d154749c777,clic,1.0,e7-zen4,271300,1.5033073425,84.86510310
0d154749c777,clic,1.0,e8-zen4,272204,1.4157550335,84.92508820
0d154749c777,clic,2.0,e7,146093,2.5053849220,74.30882052
0d154749c777,clic,2.0,e8-bfly,139413,2.4532887936,73.61305476
0d154749c777,clic,2.0,e7-zen4,144594,2.4917383194,74.47409710
0d154749c777,clic,2.0,e8-zen4,140037,2.5828807354,73.78977234
0d154749c777,clic,3.0,e7,95383,3.5419058800,65.68999652
0d154749c777,clic,3.0,e8-bfly,90331,3.4617733955,64.48886218
0d154749c777,clic,3.0,e7-zen4,96956,3.4156169891,66.21890895
0d154749c777,clic,3.0,e8-zen4,90480,3.4993250370,64.70884309
100a02c269c5,clic,1.0,e7,135226,1.2952432632,88.65867750
100a02c269c5,clic,1.0,e8-bfly,131438,1.2367413044,88.63593810
100a02c269c5,clic,1.0,e7-zen4,134228,1.2088484764,88.72861646
100a02c269c5,clic,1.0,e8-zen4,127047,1.3928569555,88.39276065
100a02c269c5,clic,2.0,e7,82726,2.3148970604,83.18913117
100a02c269c5,clic,2.0,e8-bfly,76007,2.0934309959,82.57628497
100a02c269c5,clic,2.0,e7-zen4,81437,2.3496761322,83.33817593
100a02c269c5,clic,2.0,e8-zen4,74704,2.1778233051,82.86518394
100a02c269c5,clic,3.0,e7,62105,3.0856175423,77.84701421
100a02c269c5,clic,3.0,e8-bfly,57337,2.9976377487,77.13019107
100a02c269c5,clic,3.0,e7-zen4,61710,3.1046812534,77.84188560
100a02c269c5,clic,3.0,e8-zen4,56611,3.1436533928,76.87483787
100f17892cf7,clic,1.0,e7,119032,1.7550129890,81.54291181
100f17892cf7,clic,1.0,e8-bfly,121073,1.3723320961,82.05205558
100f17892cf7,clic,1.0,e7-zen4,122314,1.6475816965,82.25494655
100f17892cf7,clic,1.0,e8-zen4,124395,1.4234890938,82.59776295
100f17892cf7,clic,2.0,e7,63052,3.1145465374,66.90077557
100f17892cf7,clic,2.0,e8-bfly,61274,2.5230288506,66.69720239
100f17892cf7,clic,2.0,e7-zen4,67958,3.1865921021,69.18583912
100f17892cf7,clic,2.0,e8-zen4,65319,2.4216763973,68.51300949
100f17892cf7,clic,3.0,e7,39252,3.7209186554,53.44109593
100f17892cf7,clic,3.0,e8-bfly,37709,3.6592657566,52.28846083
100f17892cf7,clic,3.0,e7-zen4,44712,3.5265302658,57.32940244
100f17892cf7,clic,3.0,e8-zen4,41608,3.5438086987,55.36148443
11f2b039b293,clic,1.0,e7,143305,1.5370396376,84.56677947
11f2b039b293,clic,1.0,e8-bfly,154245,1.3962074518,86.14434950
11f2b039b293,clic,1.0,e7-zen4,160792,1.2778803110,86.54465596
11f2b039b293,clic,1.0,e8-zen4,153151,1.2886466980,86.15359957
11f2b039b293,clic,2.0,e7,84371,2.6089267731,74.90895655
11f2b039b293,clic,2.0,e8-bfly,88304,2.4633023739,76.25142581
11f2b039b293,clic,2.0,e7-zen4,97371,2.3516421318,77.88798067
11f2b039b293,clic,2.0,e8-zen4,88771,2.5488221645,76.19736400
11f2b039b293,clic,3.0,e7,59791,3.5016911030,66.87043917
11f2b039b293,clic,3.0,e8-bfly,60890,3.4768128395,67.86295933
11f2b039b293,clic,3.0,e7-zen4,68682,3.0312013626,70.29567725
11f2b039b293,clic,3.0,e8-zen4,60679,3.3034441471,67.73554423
14ab4af28901,clic,1.0,e7,218683,1.6616268158,83.35238094
14ab4af28901,clic,1.0,e8-bfly,209375,1.3332511187,82.66279764
14ab4af28901,clic,1.0,e7-zen4,210999,1.7445801497,83.30054779
14ab4af28901,clic,1.0,e8-zen4,204285,1.7694582939,82.61672849
14ab4af28901,clic,2.0,e7,131082,2.7694997787,72.97202250
14ab4af28901,clic,2.0,e8-bfly,120885,2.7629551888,71.25060474
14ab4af28901,clic,2.0,e7-zen4,125398,3.0393896103,72.73954356
14ab4af28901,clic,2.0,e8-zen4,118443,3.1570093632,71.42005791
14ab4af28901,clic,3.0,e7,93732,4.2005710602,62.71804974
14ab4af28901,clic,3.0,e8-bfly,85965,3.7432813644,60.57055704
14ab4af28901,clic,3.0,e7-zen4,91213,3.8874177933,62.85541870
14ab4af28901,clic,3.0,e8-zen4,83925,3.8613629341,60.68087196
1001682,cid22,1.0,e7,54578,1.2418968678,85.91218485
1001682,cid22,1.0,e8-bfly,52046,1.1690291166,85.38934723
1001682,cid22,1.0,e7-zen4,54913,1.4067138433,86.01530086
1001682,cid22,1.0,e8-zen4,52933,1.2619667053,85.44583323
1001682,cid22,2.0,e7,33672,2.5115633011,75.75923190
1001682,cid22,2.0,e8-bfly,31038,2.4479582310,74.55183364
1001682,cid22,2.0,e7-zen4,33766,2.3716621399,76.54170550
1001682,cid22,2.0,e8-zen4,32526,2.3151805401,75.68593859
1001682,cid22,3.0,e7,22285,3.2703933716,65.59552633
1001682,cid22,3.0,e8-bfly,21007,3.2569780350,64.13848937
1001682,cid22,3.0,e7-zen4,23163,3.0991911888,67.52056086
1001682,cid22,3.0,e8-zen4,21703,3.2676177025,65.65422930
1025469,cid22,1.0,e7,38711,1.3372663260,87.49313140
1025469,cid22,1.0,e8-bfly,36829,1.1756207943,87.32929777
1025469,cid22,1.0,e7-zen4,39246,1.3785963058,88.02848704
1025469,cid22,1.0,e8-zen4,36728,1.1751538515,87.25067119
1025469,cid22,2.0,e7,23306,2.1752564907,79.19185614
1025469,cid22,2.0,e8-bfly,21526,2.0292856693,78.55287665
1025469,cid22,2.0,e7-zen4,23510,2.0022644997,80.29862163
1025469,cid22,2.0,e8-zen4,21620,2.1175317764,79.05352518
1025469,cid22,3.0,e7,17034,2.9618163109,71.37130784
1025469,cid22,3.0,e8-bfly,15674,2.9553465843,69.53267369
1025469,cid22,3.0,e7-zen4,17457,2.6973307133,72.77032825
1025469,cid22,3.0,e8-zen4,15699,3.3188297749,70.05071939
1028637,cid22,1.0,e7,44177,1.3866748810,84.74647540
1028637,cid22,1.0,e8-bfly,42022,1.3281015158,83.70116875
1028637,cid22,1.0,e7-zen4,45974,1.3959088326,85.95277365
1028637,cid22,1.0,e8-zen4,42867,1.3828953505,84.55874933
1028637,cid22,2.0,e7,29144,2.2379674911,75.40931501
1028637,cid22,2.0,e8-bfly,27014,2.3117556572,74.05465820
1028637,cid22,2.0,e7-zen4,30417,2.2344336510,77.38235718
1028637,cid22,2.0,e8-zen4,27558,2.6250865459,75.34411085
1028637,cid22,3.0,e7,22291,3.1773457527,68.32843713
1028637,cid22,3.0,e8-bfly,20298,3.3875529766,65.06634296
1028637,cid22,3.0,e7-zen4,23237,3.2326028347,70.57386741
1028637,cid22,3.0,e8-zen4,20712,3.5474681854,67.19956056
1029604,cid22,1.0,e7,70468,1.4302942753,87.31040360
1029604,cid22,1.0,e8-bfly,68514,1.2174829245,86.95167978
1029604,cid22,1.0,e7-zen4,69950,1.4149951935,87.31622082
1029604,cid22,1.0,e8-zen4,67664,1.4646166563,86.93069897
1029604,cid22,2.0,e7,42872,2.3226225376,79.23597316
1029604,cid22,2.0,e8-bfly,40243,2.4591519833,78.44735040
1029604,cid22,2.0,e7-zen4,42390,2.2469363213,79.50311000
1029604,cid22,2.0,e8-zen4,40047,2.3249001503,78.79017398
1029604,cid22,3.0,e7,29922,3.2845864296,72.35831024
1029604,cid22,3.0,e8-bfly,27749,3.0912795067,71.19410670
1029604,cid22,3.0,e7-zen4,29779,3.4292855263,73.17233287
1029604,cid22,3.0,e8-zen4,27657,3.2503859997,71.92693205
1044329,cid22,1.0,e7,102680,1.3446238041,84.69223150
1044329,cid22,1.0,e8-bfly,99051,1.2631751299,83.89743361
1044329,cid22,1.0,e7-zen4,100899,1.3721853495,84.41961883
1044329,cid22,1.0,e8-zen4,98241,1.3218902349,84.31394343
1044329,cid22,2.0,e7,66499,2.2753901482,75.68155369
1044329,cid22,2.0,e8-bfly,62376,2.4724600315,74.21306991
1044329,cid22,2.0,e7-zen4,65603,2.4716348648,75.68028866
1044329,cid22,2.0,e8-zen4,62192,2.3662769794,74.53088749
1044329,cid22,3.0,e7,50463,3.3930087090,67.45919027
1044329,cid22,3.0,e8-bfly,46628,3.4948763847,65.16760337
1044329,cid22,3.0,e7-zen4,49553,3.7275395393,67.42327946
1044329,cid22,3.0,e8-zen4,46158,3.4407429695,66.21567660
106399,cid22,1.0,e7,49934,1.3954350948,86.26952979
106399,cid22,1.0,e8-bfly,48039,1.3184702396,85.98664839
106399,cid22,1.0,e7-zen4,50671,1.2013791800,86.72747225
106399,cid22,1.0,e8-zen4,47516,1.2203681469,85.90109548
106399,cid22,2.0,e7,31186,2.0898268223,77.66261875
106399,cid22,2.0,e8-bfly,29141,2.1433436871,77.01664342
106399,cid22,2.0,e7-zen4,31740,2.0132353306,79.55894822
106399,cid22,2.0,e8-zen4,29067,2.5033221245,77.45710965
106399,cid22,3.0,e7,23410,2.8143765926,71.05149664
106399,cid22,3.0,e8-bfly,21697,2.8785662651,69.55664614
106399,cid22,3.0,e7-zen4,23927,2.7975611687,72.66137047
106399,cid22,3.0,e8-zen4,21370,3.1016075611,70.29753797
1080721,cid22,1.0,e7,43711,1.3652735949,88.31819425
1080721,cid22,1.0,e8-bfly,41887,1.1415743828,88.26779250
1080721,cid22,1.0,e7-zen4,44461,1.2082333565,88.54190603
1080721,cid22,1.0,e8-zen4,41475,1.1469581127,88.11273647
1080721,cid22,2.0,e7,28297,2.1136310101,82.32729231
1080721,cid22,2.0,e8-bfly,26559,2.3189635277,81.63104817
1080721,cid22,2.0,e7-zen4,28892,2.2172341347,83.13210610
1080721,cid22,2.0,e8-zen4,26378,2.1067304611,81.94151434
1080721,cid22,3.0,e7,22184,2.7472610474,76.99067881
1080721,cid22,3.0,e8-bfly,20426,2.9248394966,75.75017953
1080721,cid22,3.0,e7-zen4,22580,2.8167219162,77.94115693
1080721,cid22,3.0,e8-zen4,20399,2.8459029198,76.40719990
1082342,cid22,1.0,e7,57543,1.4472024441,86.13711673
1082342,cid22,1.0,e8-bfly,55684,1.4017934799,85.96988740
1082342,cid22,1.0,e7-zen4,57724,1.2746613026,86.70633843
1082342,cid22,1.0,e8-zen4,54956,1.4132310152,86.02557665
1082342,cid22,2.0,e7,37631,2.2419331074,80.10916995
1082342,cid22,2.0,e8-bfly,35165,2.1842200756,78.80503460
1082342,cid22,2.0,e7-zen4,37491,2.1016590595,80.21701106
1082342,cid22,2.0,e8-zen4,34941,2.2284448147,79.05214454
1082342,cid22,3.0,e7,29566,3.0616281033,74.74228303
1082342,cid22,3.0,e8-bfly,27349,3.2959365845,73.23773949
1082342,cid22,3.0,e7-zen4,29496,2.9052519798,75.17182642
1082342,cid22,3.0,e8-zen4,27085,3.1187095642,73.76357059
1089930,cid22,1.0,e7,44008,1.3095291853,87.63112755
1089930,cid22,1.0,e8-bfly,43190,1.3285677433,88.13106862
1089930,cid22,1.0,e7-zen4,44854,1.2059159279,88.46749554
1089930,cid22,1.0,e8-zen4,42624,1.2477190495,87.20624233
1089930,cid22,2.0,e7,27549,2.4560461044,80.60028890
1089930,cid22,2.0,e8-bfly,25892,2.2986092567,80.00443120
1089930,cid22,2.0,e7-zen4,27942,2.0032219887,81.60196077
1089930,cid22,2.0,e8-zen4,25864,2.2294716835,80.89333528
1089930,cid22,3.0,e7,19444,3.0156311989,73.82041102
1089930,cid22,3.0,e8-bfly,17931,3.2599382401,72.36455121
1089930,cid22,3.0,e7-zen4,19803,2.8092310429,75.86330980
1089930,cid22,3.0,e8-zen4,18129,3.0361726284,74.07836497
110472,cid22,1.0,e7,48564,1.3452193737,88.58665809
110472,cid22,1.0,e8-bfly,47170,1.2051482201,88.26536212
110472,cid22,1.0,e7-zen4,49195,1.2200618982,89.13554170
110472,cid22,1.0,e8-zen4,46598,1.1835782528,88.60637004
110472,cid22,2.0,e7,30717,2.2471041679,81.05160763
110472,cid22,2.0,e8-bfly,29050,2.1459500790,80.43923856
110472,cid22,2.0,e7-zen4,31555,2.0665638447,82.42621537
110472,cid22,2.0,e8-zen4,29120,2.1977124214,81.37648891
110472,cid22,3.0,e7,22562,3.0237641335,74.41667241
110472,cid22,3.0,e8-bfly,21133,3.1735725403,72.90648783
110472,cid22,3.0,e7-zen4,23237,2.9954972267,75.80251572
110472,cid22,3.0,e8-zen4,21298,3.2857217789,74.01979969
